5,drilling
7,children_playing
8,drilling
9,children_playing
13,engine_idling
14,jackhammer
16,jackhammer
21,children_playing
23,siren
25,siren
28,drilling
29,street_music
30,dog_bark
31,children_playing
34,street_music
39,air_conditioner
41,dog_bark
51,drilling
53,drilling
55,street_music
58,air_conditioner
62,children_playing
64,siren
69,dog_bark
70,drilling
73,children_playing
75,engine_idling
85,children_playing
86,children_playing
89,street_music
94,engine_idling
95,dog_bark
96,drilling
98,engine_idling
102,jackhammer
106,siren
107,air_conditioner
108,car_horn
109,drilling
110,street_music
111,dog_bark
112,dog_bark
115,street_music
122,children_playing
124,drilling
126,drilling
127,engine_idling
129,children_playing
133,drilling
141,children_playing
143,street_music
144,children_playing
145,engine_idling
147,drilling
150,air_conditioner
151,drilling
154,siren
155,siren
156,jackhammer
157,children_playing
158,street_music
161,gun_shot
166,air_conditioner
169,engine_idling
173,jackhammer
177,siren
180,street_music
181,gun_shot
183,siren
190,street_music
191,dog_bark
194,air_conditioner
195,siren
198,air_conditioner
199,children_playing
201,street_music
203,children_playing
204,drilling
205,dog_bark
206,children_playing
207,drilling
209,drilling
210,gun_shot
220,children_playing
225,jackhammer
231,children_playing
234,dog_bark
237,engine_idling
238,dog_bark
240,drilling
241,drilling
243,children_playing
244,air_conditioner
254,dog_bark
256,children_playing
257,street_music
259,children_playing
262,air_conditioner
265,jackhammer
266,street_music
267,jackhammer
273,jackhammer
274,drilling
279,drilling
281,dog_bark
283,siren
284,street_music
287,drilling
289,air_conditioner
290,dog_bark
291,dog_bark
292,street_music
293,children_playing
294,drilling
296,dog_bark
297,siren
298,dog_bark
302,drilling
320,drilling
321,car_horn
325,jackhammer
340,street_music
341,dog_bark
344,children_playing
345,engine_idling
362,children_playing
373,gun_shot
375,dog_bark
379,dog_bark
384,children_playing
387,car_horn
389,air_conditioner
390,engine_idling
393,air_conditioner
398,children_playing
399,dog_bark
403,air_conditioner
404,street_music
405,street_music
409,dog_bark
415,air_conditioner
416,dog_bark
420,engine_idling
421,air_conditioner
422,children_playing
424,children_playing
431,siren
432,street_music
433,dog_bark
434,engine_idling
439,children_playing
441,air_conditioner
443,street_music
448,air_conditioner
451,car_horn
458,children_playing
460,children_playing
463,children_playing
465,siren
466,dog_bark
469,dog_bark
476,dog_bark
478,children_playing
481,drilling
483,street_music
487,engine_idling
490,siren
492,siren
494,drilling
496,air_conditioner
499,children_playing
502,children_playing
503,siren
504,street_music
505,children_playing
508,dog_bark
510,drilling
514,drilling
517,air_conditioner
518,children_playing
521,gun_shot
526,children_playing
529,air_conditioner
530,children_playing
531,children_playing
535,car_horn
536,drilling
539,drilling
541,jackhammer
545,children_playing
546,car_horn
548,children_playing
550,drilling
552,street_music
553,siren
558,siren
563,engine_idling
574,siren
577,dog_bark
581,dog_bark
582,street_music
588,children_playing
591,air_conditioner
592,street_music
595,children_playing
596,gun_shot
601,jackhammer
602,street_music
608,drilling
609,street_music
616,siren
617,jackhammer
618,drilling
625,dog_bark
626,engine_idling
627,drilling
628,children_playing
632,children_playing
634,jackhammer
637,air_conditioner
638,siren
640,children_playing
641,engine_idling
644,dog_bark
647,children_playing
649,car_horn
650,car_horn
653,air_conditioner
667,jackhammer
668,gun_shot
672,engine_idling
674,siren
675,children_playing
678,dog_bark
680,street_music
681,children_playing
682,children_playing
696,car_horn
700,drilling
701,drilling
706,gun_shot
707,drilling
708,car_horn
711,children_playing
715,children_playing
718,drilling
723,jackhammer
725,children_playing
731,jackhammer
736,dog_bark
741,jackhammer
743,engine_idling
745,children_playing
747,street_music
756,drilling
759,drilling
762,drilling
763,drilling
767,drilling
768,jackhammer
769,engine_idling
774,street_music
775,siren
777,air_conditioner
779,dog_bark
781,dog_bark
782,jackhammer
786,dog_bark
788,gun_shot
789,jackhammer
793,drilling
795,jackhammer
797,dog_bark
800,engine_idling
805,air_conditioner
806,children_playing
808,street_music
814,air_conditioner
815,dog_bark
818,air_conditioner
822,drilling
823,children_playing
827,drilling
828,drilling
831,siren
836,drilling
837,children_playing
842,children_playing
846,drilling
847,children_playing
852,siren
856,drilling
861,children_playing
862,jackhammer
866,street_music
873,drilling
877,children_playing
879,jackhammer
880,siren
888,street_music
890,dog_bark
895,air_conditioner
897,children_playing
902,street_music
903,children_playing
908,dog_bark
909,street_music
910,jackhammer
917,drilling
918,siren
920,siren
924,gun_shot
931,street_music
934,children_playing
935,drilling
936,drilling
939,street_music
940,street_music
942,street_music
944,children_playing
947,children_playing
949,children_playing
950,car_horn
958,engine_idling
960,car_horn
961,street_music
962,drilling
966,siren
967,street_music
968,children_playing
969,children_playing
970,children_playing
974,air_conditioner
976,engine_idling
981,jackhammer
982,jackhammer
983,drilling
984,dog_bark
988,jackhammer
989,dog_bark
992,street_music
993,jackhammer
994,street_music
997,engine_idling
998,drilling
999,drilling
1002,car_horn
1005,siren
1009,children_playing
1010,dog_bark
1011,street_music
1012,drilling
1013,drilling
1016,children_playing
1019,children_playing
1020,siren
1023,street_music
1031,jackhammer
1033,children_playing
1035,siren
1037,drilling
1039,street_music
1041,drilling
1046,children_playing
1050,dog_bark
1053,air_conditioner
1057,street_music
1060,drilling
1064,children_playing
1065,engine_idling
1067,dog_bark
1073,dog_bark
1075,jackhammer
1081,siren
1084,street_music
1086,children_playing
1093,drilling
1094,children_playing
1095,children_playing
1097,drilling
1099,jackhammer
1101,air_conditioner
1102,car_horn
1103,siren
1104,street_music
1107,street_music
1108,air_conditioner
1109,children_playing
1110,siren
1111,air_conditioner
1114,drilling
1117,street_music
1121,engine_idling
1122,air_conditioner
1123,jackhammer
1124,dog_bark
1125,engine_idling
1127,children_playing
1128,drilling
1130,siren
1132,street_music
1135,air_conditioner
1136,street_music
1138,drilling
1140,children_playing
1141,air_conditioner
1142,siren
1144,jackhammer
1146,children_playing
1153,jackhammer
1154,dog_bark
1155,street_music
1159,siren
1161,jackhammer
1163,gun_shot
1164,engine_idling
1165,dog_bark
1166,dog_bark
1167,street_music
1169,children_playing
1170,engine_idling
1171,gun_shot
1172,engine_idling
1173,jackhammer
1177,siren
1178,dog_bark
1179,jackhammer
1184,car_horn
1185,gun_shot
1190,siren
1192,street_music
1193,car_horn
1194,children_playing
1196,street_music
1197,siren
1198,street_music
1199,siren
1201,siren
1202,children_playing
1204,street_music
1207,children_playing
1208,children_playing
1211,street_music
1212,drilling
1213,street_music
1215,street_music
1216,children_playing
1221,street_music
1222,air_conditioner
1223,dog_bark
1225,children_playing
1227,dog_bark
1229,children_playing
1233,dog_bark
1234,street_music
1238,children_playing
1239,children_playing
1247,siren
1249,street_music
1250,children_playing
1253,engine_idling
1254,car_horn
1258,jackhammer
1260,air_conditioner
1263,jackhammer
1264,jackhammer
1266,car_horn
1268,gun_shot
1274,drilling
1280,jackhammer
1281,drilling
1282,jackhammer
1283,street_music
1284,street_music
1285,air_conditioner
1288,street_music
1290,engine_idling
1291,drilling
1293,jackhammer
1299,dog_bark
1304,car_horn
1307,children_playing
1309,air_conditioner
1313,drilling
1315,street_music
1320,children_playing
1324,siren
1325,street_music
1331,drilling
1333,air_conditioner
1336,car_horn
1340,engine_idling
1342,siren
1343,street_music
1344,jackhammer
1348,jackhammer
1354,street_music
1359,air_conditioner
1360,children_playing
1362,children_playing
1364,children_playing
1369,drilling
1372,jackhammer
1373,air_conditioner
1374,children_playing
1375,siren
1376,jackhammer
1379,drilling
1382,drilling
1383,drilling
1387,drilling
1389,drilling
1391,children_playing
1392,air_conditioner
1395,dog_bark
1397,street_music
1401,air_conditioner
1402,gun_shot
1403,siren
1406,drilling
1407,air_conditioner
1408,dog_bark
1410,children_playing
1411,drilling
1413,engine_idling
1416,siren
1420,siren
1421,drilling
1422,drilling
1424,jackhammer
1426,drilling
1427,street_music
1429,car_horn
1430,dog_bark
1433,siren
1434,siren
1438,children_playing
1439,children_playing
1440,air_conditioner
1441,air_conditioner
1442,street_music
1443,air_conditioner
1445,siren
1451,jackhammer
1453,jackhammer
1455,children_playing
1456,gun_shot
1457,air_conditioner
1463,car_horn
1464,dog_bark
1465,street_music
1466,children_playing
1474,drilling
1476,dog_bark
1482,car_horn
1484,jackhammer
1486,children_playing
1487,children_playing
1490,siren
1494,air_conditioner
1495,drilling
1499,siren
1504,engine_idling
1505,car_horn
1507,dog_bark
1509,children_playing
1513,drilling
1514,dog_bark
1519,children_playing
1522,drilling
1524,air_conditioner
1526,air_conditioner
1533,children_playing
1535,street_music
1538,street_music
1539,car_horn
1541,street_music
1543,jackhammer
1544,drilling
1545,drilling
1553,drilling
1557,siren
1559,dog_bark
1566,street_music
1568,street_music
1572,siren
1575,dog_bark
1576,siren
1577,siren
1580,children_playing
1582,children_playing
1583,jackhammer
1585,children_playing
1587,street_music
1590,children_playing
1592,jackhammer
1594,car_horn
1595,children_playing
1596,dog_bark
1600,siren
1609,children_playing
1610,children_playing
1611,dog_bark
1617,gun_shot
1619,drilling
1620,dog_bark
1622,air_conditioner
1624,children_playing
1625,siren
1627,drilling
1631,car_horn
1637,siren
1638,drilling
1641,dog_bark
1642,jackhammer
1643,siren
1644,street_music
1645,children_playing
1646,siren
1650,children_playing
1654,siren
1655,dog_bark
1657,air_conditioner
1658,dog_bark
1659,engine_idling
1662,children_playing
1665,street_music
1668,car_horn
1670,street_music
1671,dog_bark
1676,engine_idling
1682,jackhammer
1683,drilling
1684,engine_idling
1685,street_music
1691,street_music
1692,children_playing
1693,siren
1694,siren
1696,dog_bark
1698,dog_bark
1700,drilling
1707,children_playing
1710,car_horn
1712,drilling
1717,children_playing
1721,drilling
1723,children_playing
1726,siren
1732,dog_bark
1733,jackhammer
1735,siren
1740,dog_bark
1742,drilling
1743,children_playing
1747,siren
1752,children_playing
1753,gun_shot
1756,jackhammer
1757,children_playing
1758,engine_idling
1759,street_music
1762,drilling
1764,engine_idling
1770,children_playing
1772,dog_bark
1775,children_playing
1778,children_playing
1781,children_playing
1784,gun_shot
1785,siren
1788,dog_bark
1790,street_music
1793,dog_bark
1797,street_music
1798,car_horn
1799,jackhammer
1804,dog_bark
1810,car_horn
1811,children_playing
1814,engine_idling
1815,engine_idling
1821,jackhammer
1823,air_conditioner
1824,air_conditioner
1833,jackhammer
1835,dog_bark
1838,siren
1844,children_playing
1845,drilling
1846,street_music
1851,drilling
1852,street_music
1855,engine_idling
1857,children_playing
1859,children_playing
1860,siren
1861,siren
1862,street_music
1865,jackhammer
1875,jackhammer
1878,children_playing
1880,jackhammer
1882,drilling
1884,siren
1885,children_playing
1887,dog_bark
1888,siren
1900,car_horn
1902,siren
1903,children_playing
1905,siren
1906,street_music
1907,jackhammer
1909,street_music
1911,gun_shot
1912,jackhammer
1915,drilling
1920,gun_shot
1926,jackhammer
1928,children_playing
1930,drilling
1931,children_playing
1934,street_music
1939,street_music
1942,drilling
1951,jackhammer
1953,air_conditioner
1954,children_playing
1955,siren
1959,engine_idling
1961,drilling
1962,engine_idling
1964,children_playing
1965,children_playing
1969,drilling
1972,dog_bark
1975,street_music
1979,drilling
1981,street_music
1983,air_conditioner
1984,children_playing
1985,drilling
1989,children_playing
1990,siren
1993,street_music
1995,children_playing
1998,children_playing
2003,engine_idling
2005,siren
2006,street_music
2007,dog_bark
2011,engine_idling
2012,drilling
2014,siren
2015,children_playing
2021,jackhammer
2024,jackhammer
2027,children_playing
2030,street_music
2032,street_music
2034,siren
2035,drilling
2039,children_playing
2041,dog_bark
2044,children_playing
2046,drilling
2052,children_playing
2053,street_music
2058,dog_bark
2059,children_playing
2060,drilling
2061,drilling
2062,gun_shot
2065,air_conditioner
2068,jackhammer
2069,children_playing
2071,street_music
2074,street_music
2075,engine_idling
2076,children_playing
2079,street_music
2085,jackhammer
2086,jackhammer
2088,siren
2092,children_playing
2093,siren
2097,siren
2100,children_playing
2109,air_conditioner
2110,children_playing
2111,jackhammer
2112,siren
2114,jackhammer
2115,air_conditioner
2118,jackhammer
2119,siren
2120,drilling
2128,street_music
2131,dog_bark
2136,jackhammer
2137,siren
2143,jackhammer
2146,children_playing
2147,engine_idling
2151,jackhammer
2153,dog_bark
2155,drilling
2158,jackhammer
2159,air_conditioner
2161,drilling
2164,dog_bark
2165,children_playing
2166,drilling
2167,drilling
2172,engine_idling
2175,air_conditioner
2176,street_music
2177,jackhammer
2178,air_conditioner
2181,dog_bark
2183,dog_bark
2187,drilling
2189,air_conditioner
2202,gun_shot
2203,jackhammer
2207,gun_shot
2208,drilling
2211,street_music
2213,air_conditioner
2214,siren
2215,children_playing
2221,drilling
2222,siren
2223,car_horn
2231,children_playing
2232,children_playing
2234,jackhammer
2239,engine_idling
2242,children_playing
2243,engine_idling
2245,children_playing
2248,siren
2255,children_playing
2257,air_conditioner
2261,street_music
2263,children_playing
2266,children_playing
2267,dog_bark
2268,children_playing
2270,street_music
2271,children_playing
2272,street_music
2274,children_playing
2276,jackhammer
2280,children_playing
2281,dog_bark
2283,engine_idling
2284,jackhammer
2285,street_music
2286,siren
2288,children_playing
2289,dog_bark
2292,street_music
2294,air_conditioner
2296,engine_idling
2298,drilling
2305,drilling
2311,drilling
2315,dog_bark
2316,dog_bark
2317,dog_bark
2320,air_conditioner
2321,jackhammer
2322,children_playing
2325,children_playing
2326,street_music
2328,children_playing
2331,street_music
2334,children_playing
2336,children_playing
2337,street_music
2341,children_playing
2342,jackhammer
2346,siren
2348,street_music
2350,street_music
2352,street_music
2355,drilling
2356,street_music
2357,street_music
2359,engine_idling
2361,street_music
2362,drilling
2365,siren
2367,drilling
2370,children_playing
2374,children_playing
2375,car_horn
2376,street_music
2377,engine_idling
2381,siren
2383,gun_shot
2385,jackhammer
2387,drilling
2391,street_music
2392,dog_bark
2393,air_conditioner
2396,drilling
2397,dog_bark
2399,street_music
2400,gun_shot
2406,dog_bark
2407,drilling
2409,jackhammer
2417,dog_bark
2422,children_playing
2423,street_music
2426,siren
2429,drilling
2431,drilling
2434,siren
2435,dog_bark
2436,siren
2437,children_playing
2440,jackhammer
2442,siren
2451,children_playing
2457,street_music
2459,jackhammer
2467,gun_shot
2469,children_playing
2471,siren
2472,dog_bark
2475,jackhammer
2476,street_music
2481,drilling
2482,children_playing
2483,street_music
2486,drilling
2490,children_playing
2491,car_horn
2492,street_music
2495,dog_bark
2496,dog_bark
2500,drilling
2502,children_playing
2504,children_playing
2508,street_music
2514,drilling
2518,dog_bark
2519,car_horn
2520,children_playing
2521,air_conditioner
2522,gun_shot
2525,jackhammer
2527,children_playing
2528,street_music
2530,street_music
2533,street_music
2535,air_conditioner
2537,children_playing
2540,drilling
2546,drilling
2551,dog_bark
2554,dog_bark
2556,children_playing
2559,dog_bark
2561,street_music
2562,engine_idling
2563,children_playing
2565,street_music
2566,car_horn
2579,drilling
2583,dog_bark
2589,siren
2590,siren
2591,street_music
2599,engine_idling
2602,jackhammer
2606,jackhammer
2609,gun_shot
2611,drilling
2615,car_horn
2617,street_music
2618,drilling
2621,drilling
2622,air_conditioner
2626,drilling
2627,air_conditioner
2628,street_music
2629,gun_shot
2630,siren
2631,jackhammer
2633,air_conditioner
2635,jackhammer
2638,siren
2642,car_horn
2643,children_playing
2649,jackhammer
2654,drilling
2655,air_conditioner
2656,gun_shot
2660,children_playing
2663,children_playing
2667,drilling
2670,siren
2672,drilling
2673,engine_idling
2675,street_music
2681,siren
2683,engine_idling
2688,children_playing
2692,children_playing
2693,children_playing
2694,jackhammer
2696,children_playing
2698,car_horn
2701,children_playing
2704,drilling
2708,children_playing
2712,children_playing
2715,jackhammer
2716,jackhammer
2719,drilling
2720,dog_bark
2724,street_music
2727,children_playing
2729,siren
2731,street_music
2734,air_conditioner
2735,children_playing
2737,engine_idling
2742,children_playing
2743,street_music
2745,engine_idling
2748,dog_bark
2749,gun_shot
2753,dog_bark
2755,engine_idling
2758,drilling
2759,drilling
2761,siren
2762,jackhammer
2767,street_music
2768,drilling
2772,engine_idling
2777,dog_bark
2778,dog_bark
2782,dog_bark
2786,engine_idling
2793,jackhammer
2796,drilling
2798,dog_bark
2799,car_horn
2803,street_music
2804,dog_bark
2806,children_playing
2809,street_music
2810,drilling
2812,air_conditioner
2814,air_conditioner
2816,street_music
2817,street_music
2818,gun_shot
2820,dog_bark
2822,jackhammer
2823,siren
2826,engine_idling
2827,gun_shot
2833,engine_idling
2834,jackhammer
2838,car_horn
2839,drilling
2841,engine_idling
2843,engine_idling
2844,jackhammer
2845,siren
2847,engine_idling
2848,jackhammer
2852,siren
2853,dog_bark
2856,children_playing
2859,children_playing
2860,children_playing
2861,gun_shot
2866,dog_bark
2867,drilling
2868,dog_bark
2874,street_music
2876,jackhammer
2877,street_music
2879,car_horn
2880,jackhammer
2882,dog_bark
2883,engine_idling
2885,jackhammer
2886,jackhammer
2888,car_horn
2893,siren
2894,children_playing
2895,gun_shot
2897,engine_idling
2904,street_music
2905,children_playing
2906,children_playing
2908,street_music
2916,siren
2919,children_playing
2923,engine_idling
2937,drilling
2938,street_music
2941,jackhammer
2947,street_music
2948,street_music
2949,children_playing
2952,dog_bark
2953,drilling
2958,drilling
2964,drilling
2965,car_horn
2967,jackhammer
2968,siren
2970,street_music
2973,drilling
2975,siren
2977,street_music
2978,air_conditioner
2979,children_playing
2981,dog_bark
2985,street_music
2990,jackhammer
2999,dog_bark
3000,street_music
3002,drilling
3005,street_music
3007,engine_idling
3009,jackhammer
3010,dog_bark
3015,street_music
3017,children_playing
3019,children_playing
3022,drilling
3023,engine_idling
3025,dog_bark
3028,siren
3029,dog_bark
3031,street_music
3035,children_playing
3039,car_horn
3040,dog_bark
3041,street_music
3043,street_music
3044,air_conditioner
3045,jackhammer
3047,street_music
3048,drilling
3049,jackhammer
3053,street_music
3057,dog_bark
3058,drilling
3059,dog_bark
3064,children_playing
3065,children_playing
3067,street_music
3072,street_music
3073,children_playing
3076,children_playing
3079,siren
3080,engine_idling
3083,air_conditioner
3084,jackhammer
3086,children_playing
3088,street_music
3090,children_playing
3093,car_horn
3100,engine_idling
3106,dog_bark
3107,drilling
3109,air_conditioner
3111,air_conditioner
3113,children_playing
3114,air_conditioner
3116,dog_bark
3119,drilling
3122,dog_bark
3124,air_conditioner
3129,engine_idling
3132,children_playing
3134,dog_bark
3137,jackhammer
3139,children_playing
3141,children_playing
3142,children_playing
3145,children_playing
3149,street_music
3158,air_conditioner
3166,dog_bark
3173,drilling
3174,children_playing
3175,siren
3181,children_playing
3183,siren
3184,siren
3193,dog_bark
3198,siren
3201,children_playing
3203,drilling
3204,dog_bark
3208,children_playing
3210,siren
3212,dog_bark
3217,dog_bark
3219,drilling
3222,jackhammer
3224,engine_idling
3228,children_playing
3234,street_music
3241,street_music
3242,street_music
3243,air_conditioner
3245,children_playing
3247,children_playing
3249,drilling
3251,children_playing
3252,children_playing
3253,drilling
3255,dog_bark
3256,drilling
3260,drilling
3263,dog_bark
3265,drilling
3269,street_music
3274,drilling
3280,street_music
3282,dog_bark
3284,street_music
3287,drilling
3289,engine_idling
3290,street_music
3295,siren
3300,gun_shot
3303,gun_shot
3304,drilling
3309,children_playing
3311,children_playing
3312,drilling
3313,street_music
3314,drilling
3315,children_playing
3326,jackhammer
3327,gun_shot
3329,engine_idling
3335,street_music
3339,dog_bark
3340,street_music
3341,children_playing
3342,dog_bark
3346,siren
3348,dog_bark
3356,children_playing
3359,street_music
3361,jackhammer
3366,street_music
3368,siren
3372,drilling
3374,children_playing
3377,children_playing
3378,children_playing
3380,engine_idling
3382,street_music
3384,street_music
3385,air_conditioner
3386,street_music
3391,street_music
3393,dog_bark
3396,jackhammer
3402,children_playing
3403,street_music
3405,street_music
3408,jackhammer
3410,children_playing
3411,air_conditioner
3412,children_playing
3414,siren
3421,air_conditioner
3424,street_music
3426,jackhammer
3427,siren
3428,children_playing
3430,siren
3431,drilling
3438,children_playing
3440,engine_idling
3447,drilling
3448,engine_idling
3450,children_playing
3456,dog_bark
3457,jackhammer
3460,gun_shot
3463,siren
3466,children_playing
3468,engine_idling
3472,air_conditioner
3476,siren
3479,drilling
3484,car_horn
3485,children_playing
3487,street_music
3488,children_playing
3490,engine_idling
3494,jackhammer
3497,street_music
3498,dog_bark
3500,dog_bark
3502,jackhammer
3505,siren
3506,street_music
3511,jackhammer
3512,air_conditioner
3513,engine_idling
3521,jackhammer
3524,siren
3527,children_playing
3530,street_music
3532,engine_idling
3535,siren
3541,jackhammer
3544,children_playing
3552,drilling
3553,engine_idling
3557,children_playing
3558,jackhammer
3559,air_conditioner
3562,drilling
3563,siren
3564,street_music
3565,air_conditioner
3570,gun_shot
3571,car_horn
3572,siren
3573,drilling
3575,children_playing
3576,drilling
3578,dog_bark
3581,gun_shot
3586,drilling
3589,children_playing
3592,street_music
3593,engine_idling
3594,jackhammer
3600,air_conditioner
3601,children_playing
3602,dog_bark
3605,children_playing
3612,children_playing
3615,children_playing
3616,drilling
3617,drilling
3618,air_conditioner
3620,dog_bark
3623,children_playing
3625,dog_bark
3631,engine_idling
3633,street_music
3635,jackhammer
3636,drilling
3638,street_music
3641,street_music
3643,air_conditioner
3650,children_playing
3651,engine_idling
3655,drilling
3665,children_playing
3667,dog_bark
3673,street_music
3677,children_playing
3684,jackhammer
3690,dog_bark
3692,car_horn
3693,siren
3694,engine_idling
3699,air_conditioner
3701,air_conditioner
3704,jackhammer
3705,engine_idling
3707,children_playing
3710,street_music
3712,siren
3713,air_conditioner
3715,engine_idling
3716,children_playing
3720,siren
3722,drilling
3723,street_music
3727,drilling
3730,dog_bark
3733,street_music
3736,siren
3737,street_music
3740,siren
3743,children_playing
3744,siren
3746,engine_idling
3748,children_playing
3755,jackhammer
3757,dog_bark
3761,children_playing
3767,jackhammer
3768,dog_bark
3769,air_conditioner
3773,car_horn
3774,dog_bark
3775,engine_idling
3777,jackhammer
3779,car_horn
3780,siren
3786,dog_bark
3789,engine_idling
3793,street_music
3794,drilling
3795,car_horn
3796,children_playing
3797,air_conditioner
3801,children_playing
3802,gun_shot
3804,street_music
3807,jackhammer
3809,street_music
3810,children_playing
3812,children_playing
3814,siren
3815,drilling
3817,dog_bark
3818,street_music
3824,children_playing
3825,jackhammer
3826,car_horn
3829,air_conditioner
3831,drilling
3832,street_music
3835,gun_shot
3837,air_conditioner
3841,siren
3845,drilling
3849,car_horn
3852,car_horn
3856,car_horn
3857,children_playing
3858,air_conditioner
3862,drilling
3865,children_playing
3867,dog_bark
3872,street_music
3873,street_music
3874,street_music
3875,children_playing
3876,drilling
3892,engine_idling
3897,jackhammer
3899,street_music
3901,air_conditioner
3904,children_playing
3907,siren
3908,dog_bark
3912,children_playing
3913,street_music
3917,engine_idling
3922,street_music
3923,drilling
3926,children_playing
3928,drilling
3931,drilling
3935,children_playing
3937,drilling
3942,street_music
3946,dog_bark
3949,drilling
3950,children_playing
3952,air_conditioner
3953,engine_idling
3954,drilling
3957,jackhammer
3958,jackhammer
3961,engine_idling
3963,air_conditioner
3964,drilling
3971,drilling
3974,drilling
3976,drilling
3977,jackhammer
3979,children_playing
3980,street_music
3989,dog_bark
3990,street_music
3991,children_playing
3995,street_music
3996,jackhammer
4005,engine_idling
4007,jackhammer
4008,children_playing
4013,drilling
4016,children_playing
4019,street_music
4020,siren
4023,street_music
4025,dog_bark
4026,air_conditioner
4031,jackhammer
4033,children_playing
4034,children_playing
4035,siren
4036,jackhammer
4037,dog_bark
4040,dog_bark
4042,children_playing
4043,street_music
4047,engine_idling
4048,drilling
4051,children_playing
4052,engine_idling
4053,engine_idling
4059,dog_bark
4060,drilling
4061,street_music
4063,siren
4065,car_horn
4071,children_playing
4072,street_music
4074,engine_idling
4079,dog_bark
4082,drilling
4088,children_playing
4090,engine_idling
4092,engine_idling
4098,air_conditioner
4099,children_playing
4105,siren
4107,children_playing
4108,children_playing
4109,jackhammer
4112,siren
4113,jackhammer
4114,dog_bark
4115,street_music
4116,street_music
4120,air_conditioner
4124,street_music
4127,dog_bark
4132,children_playing
4133,street_music
4136,air_conditioner
4141,jackhammer
4144,street_music
4145,drilling
4147,siren
4148,drilling
4149,air_conditioner
4150,dog_bark
4151,drilling
4152,children_playing
4153,street_music
4154,siren
4156,street_music
4157,dog_bark
4165,siren
4167,gun_shot
4173,engine_idling
4176,street_music
4177,street_music
4185,engine_idling
4186,children_playing
4187,children_playing
4188,air_conditioner
4192,siren
4194,dog_bark
4195,car_horn
4196,engine_idling
4202,dog_bark
4208,siren
4209,jackhammer
4211,street_music
4212,air_conditioner
4213,drilling
4214,dog_bark
4215,siren
4219,children_playing
4221,engine_idling
4223,children_playing
4225,dog_bark
4229,children_playing
4230,air_conditioner
4233,jackhammer
4237,children_playing
4238,children_playing
4240,dog_bark
4243,drilling
4245,street_music
4250,jackhammer
4251,siren
4258,engine_idling
4259,street_music
4261,children_playing
4264,siren
4266,gun_shot
4268,dog_bark
4269,jackhammer
4270,siren
4271,street_music
4275,jackhammer
4276,children_playing
4280,street_music
4282,engine_idling
4283,jackhammer
4284,dog_bark
4292,engine_idling
4294,children_playing
4295,children_playing
4296,street_music
4298,children_playing
4300,jackhammer
4302,children_playing
4304,street_music
4305,children_playing
4306,jackhammer
4308,siren
4309,dog_bark
4310,engine_idling
4312,dog_bark
4315,air_conditioner
4318,children_playing
4321,air_conditioner
4322,engine_idling
4325,children_playing
4329,children_playing
4330,children_playing
4332,gun_shot
4334,siren
4336,street_music
4339,drilling
4340,drilling
4342,street_music
4343,children_playing
4344,air_conditioner
4345,air_conditioner
4347,children_playing
4348,siren
4354,street_music
4355,siren
4357,dog_bark
4360,children_playing
4368,gun_shot
4370,jackhammer
4373,jackhammer
4376,gun_shot
4377,jackhammer
4380,street_music
4383,dog_bark
4385,engine_idling
4387,dog_bark
4388,engine_idling
4391,jackhammer
4395,air_conditioner
4398,air_conditioner
4399,engine_idling
4402,dog_bark
4403,siren
4404,siren
4405,engine_idling
4407,dog_bark
4409,engine_idling
4410,air_conditioner
4414,children_playing
4419,air_conditioner
4421,car_horn
4423,air_conditioner
4434,siren
4435,jackhammer
4441,jackhammer
4445,drilling
4447,dog_bark
4448,siren
4452,jackhammer
4455,children_playing
4457,air_conditioner
4460,street_music
4465,drilling
4466,car_horn
4468,dog_bark
4469,children_playing
4470,drilling
4471,children_playing
4477,children_playing
4478,air_conditioner
4479,dog_bark
4484,jackhammer
4488,jackhammer
4489,gun_shot
4494,drilling
4495,drilling
4496,engine_idling
4497,children_playing
4501,siren
4505,street_music
4507,children_playing
4508,gun_shot
4512,children_playing
4516,children_playing
4517,children_playing
4518,jackhammer
4519,street_music
4520,street_music
4524,dog_bark
4533,siren
4537,jackhammer
4538,jackhammer
4543,gun_shot
4544,siren
4546,jackhammer
4548,drilling
4550,street_music
4551,children_playing
4552,jackhammer
4553,children_playing
4555,drilling
4558,air_conditioner
4560,children_playing
4564,children_playing
4565,dog_bark
4567,car_horn
4576,dog_bark
4577,street_music
4579,drilling
4580,children_playing
4582,dog_bark
4586,siren
4587,jackhammer
4588,gun_shot
4590,children_playing
4591,air_conditioner
4593,dog_bark
4594,street_music
4596,dog_bark
4597,air_conditioner
4600,engine_idling
4603,drilling
4605,children_playing
4606,children_playing
4608,drilling
4615,air_conditioner
4620,drilling
4621,siren
4624,jackhammer
4626,siren
4627,children_playing
4631,jackhammer
4638,dog_bark
4639,dog_bark
4642,siren
4644,drilling
4649,jackhammer
4654,car_horn
4656,drilling
4660,dog_bark
4664,siren
4670,children_playing
4671,dog_bark
4673,children_playing
4675,street_music
4678,children_playing
4681,street_music
4687,siren
4689,drilling
4691,dog_bark
4694,air_conditioner
4696,street_music
4699,dog_bark
4700,drilling
4701,jackhammer
4706,dog_bark
4709,siren
4710,jackhammer
4711,gun_shot
4712,air_conditioner
4713,engine_idling
4717,children_playing
4719,drilling
4720,jackhammer
4727,engine_idling
4731,air_conditioner
4734,children_playing
4738,children_playing
4744,siren
4751,drilling
4757,dog_bark
4760,drilling
4761,dog_bark
4765,car_horn
4768,children_playing
4771,jackhammer
4772,engine_idling
4773,engine_idling
4774,children_playing
4777,jackhammer
4779,siren
4780,air_conditioner
4782,car_horn
4797,children_playing
4798,children_playing
4802,drilling
4808,street_music
4809,engine_idling
4811,dog_bark
4812,children_playing
4813,jackhammer
4814,gun_shot
4815,children_playing
4816,street_music
4817,children_playing
4818,children_playing
4819,children_playing
4825,drilling
4831,children_playing
4838,street_music
4841,siren
4845,children_playing
4848,air_conditioner
4849,street_music
4850,jackhammer
4855,children_playing
4856,dog_bark
4859,air_conditioner
4862,drilling
4865,gun_shot
4868,car_horn
4869,dog_bark
4871,engine_idling
4872,siren
4874,children_playing
4875,jackhammer
4876,street_music
4878,gun_shot
4882,siren
4885,jackhammer
4891,dog_bark
4892,children_playing
4893,siren
4897,car_horn
4898,children_playing
4901,children_playing
4908,children_playing
4910,children_playing
4915,drilling
4922,children_playing
4929,siren
4930,siren
4932,dog_bark
4933,drilling
4935,children_playing
4936,children_playing
4939,children_playing
4941,children_playing
4944,street_music
4946,street_music
4949,engine_idling
4951,engine_idling
4954,dog_bark
4955,jackhammer
4957,dog_bark
4958,dog_bark
4967,air_conditioner
4969,drilling
4971,air_conditioner
4975,jackhammer
4977,drilling
4978,dog_bark
4979,children_playing
4980,children_playing
4981,children_playing
4982,dog_bark
4983,jackhammer
4987,engine_idling
4995,drilling
4998,air_conditioner
4999,drilling
5000,siren
5006,dog_bark
5007,siren
5008,siren
5009,air_conditioner
5012,siren
5014,children_playing
5015,street_music
5016,children_playing
5018,jackhammer
5020,jackhammer
5024,jackhammer
5026,jackhammer
5027,jackhammer
5030,air_conditioner
5036,drilling
5039,air_conditioner
5041,dog_bark
5047,children_playing
5048,jackhammer
5050,air_conditioner
5053,jackhammer
5054,jackhammer
5056,street_music
5061,jackhammer
5062,drilling
5066,siren
5070,children_playing
5078,engine_idling
5079,car_horn
5080,street_music
5083,engine_idling
5086,jackhammer
5087,children_playing
5090,drilling
5091,siren
5093,street_music
5097,siren
5098,air_conditioner
5101,children_playing
5102,street_music
5104,jackhammer
5105,children_playing
5108,dog_bark
5111,street_music
5113,engine_idling
5115,drilling
5116,dog_bark
5120,dog_bark
5123,drilling
5124,children_playing
5126,children_playing
5131,gun_shot
5136,dog_bark
5137,jackhammer
5139,children_playing
5143,street_music
5144,engine_idling
5145,street_music
5150,jackhammer
5152,dog_bark
5153,children_playing
5155,dog_bark
5156,engine_idling
5160,air_conditioner
5161,air_conditioner
5162,children_playing
5163,gun_shot
5164,children_playing
5166,dog_bark
5167,street_music
5168,jackhammer
5170,children_playing
5179,siren
5182,dog_bark
5184,siren
5185,air_conditioner
5187,gun_shot
5192,jackhammer
5193,dog_bark
5194,children_playing
5197,drilling
5203,jackhammer
5204,engine_idling
5207,siren
5208,children_playing
5212,drilling
5213,jackhammer
5215,jackhammer
5220,street_music
5222,children_playing
5224,siren
5229,gun_shot
5230,siren
5231,children_playing
5232,air_conditioner
5235,dog_bark
5238,air_conditioner
5240,jackhammer
5242,drilling
5245,children_playing
5249,street_music
5250,drilling
5252,dog_bark
5254,drilling
5256,dog_bark
5258,dog_bark
5260,children_playing
5261,drilling
5267,siren
5269,drilling
5273,car_horn
5274,street_music
5275,street_music
5276,children_playing
5280,children_playing
5282,children_playing
5285,siren
5286,siren
5287,gun_shot
5288,children_playing
5293,gun_shot
5295,children_playing
5296,dog_bark
5298,street_music
5300,children_playing
5301,children_playing
5303,air_conditioner
5305,air_conditioner
5306,engine_idling
5311,drilling
5317,dog_bark
5318,siren
5325,drilling
5327,children_playing
5330,street_music
5332,air_conditioner
5334,children_playing
5335,children_playing
5337,gun_shot
5339,children_playing
5341,siren
5342,air_conditioner
5346,children_playing
5349,air_conditioner
5354,dog_bark
5355,jackhammer
5358,children_playing
5362,siren
5363,dog_bark
5365,dog_bark
5366,dog_bark
5367,drilling
5368,drilling
5372,siren
5375,street_music
5377,street_music
5379,siren
5381,drilling
5383,street_music
5386,air_conditioner
5387,drilling
5388,siren
5392,dog_bark
5393,children_playing
5396,jackhammer
5399,drilling
5401,siren
5402,street_music
5404,siren
5408,jackhammer
5410,dog_bark
5413,engine_idling
5419,air_conditioner
5420,jackhammer
5421,street_music
5422,air_conditioner
5424,street_music
5425,air_conditioner
5428,engine_idling
5430,engine_idling
5431,car_horn
5434,drilling
5439,jackhammer
5440,children_playing
5442,street_music
5443,drilling
5446,children_playing
5449,drilling
5450,jackhammer
5451,children_playing
5453,children_playing
5454,jackhammer
5455,car_horn
5457,children_playing
5458,children_playing
5462,children_playing
5463,children_playing
5464,children_playing
5467,siren
5468,drilling
5469,siren
5470,jackhammer
5471,children_playing
5474,gun_shot
5475,drilling
5478,dog_bark
5479,car_horn
5482,drilling
5484,children_playing
5485,children_playing
5490,engine_idling
5491,air_conditioner
5496,jackhammer
5500,air_conditioner
5501,siren
5502,children_playing
5506,dog_bark
5510,street_music
5516,dog_bark
5517,dog_bark
5520,dog_bark
5525,children_playing
5527,children_playing
5529,dog_bark
5531,siren
5532,siren
5536,engine_idling
5538,children_playing
5539,dog_bark
5541,car_horn
5549,street_music
5550,children_playing
5551,car_horn
5552,children_playing
5555,street_music
5563,drilling
5567,air_conditioner
5568,street_music
5569,siren
5573,drilling
5575,children_playing
5576,jackhammer
5578,gun_shot
5579,gun_shot
5580,children_playing
5581,children_playing
5584,jackhammer
5590,dog_bark
5591,drilling
5593,air_conditioner
5595,street_music
5596,dog_bark
5602,dog_bark
5603,car_horn
5604,dog_bark
5606,drilling
5608,street_music
5617,dog_bark
5618,jackhammer
5620,street_music
5621,jackhammer
5622,dog_bark
5629,drilling
5630,children_playing
5632,children_playing
5633,jackhammer
5636,children_playing
5643,street_music
5646,street_music
5647,car_horn
5648,siren
5651,dog_bark
5656,children_playing
5657,children_playing
5665,jackhammer
5666,jackhammer
5667,siren
5674,children_playing
5675,children_playing
5677,drilling
5679,siren
5685,air_conditioner
5686,dog_bark
5688,jackhammer
5693,jackhammer
5694,children_playing
5696,gun_shot
5700,siren
5703,siren
5708,dog_bark
5717,drilling
5718,jackhammer
5720,gun_shot
5727,drilling
5728,jackhammer
5729,dog_bark
5737,children_playing
5738,siren
5743,drilling
5747,engine_idling
5748,children_playing
5749,dog_bark
5752,drilling
5753,children_playing
5754,street_music
5756,dog_bark
5759,children_playing
5766,street_music
5775,children_playing
5776,car_horn
5777,car_horn
5779,siren
5781,siren
5782,street_music
5785,engine_idling
5787,air_conditioner
5789,street_music
5792,engine_idling
5793,drilling
5794,children_playing
5795,street_music
5797,children_playing
5798,children_playing
5801,jackhammer
5803,car_horn
5804,children_playing
5805,children_playing
5807,siren
5809,street_music
5810,engine_idling
5811,children_playing
5812,dog_bark
5814,children_playing
5819,siren
5821,air_conditioner
5823,street_music
5828,dog_bark
5830,engine_idling
5831,siren
5834,siren
5836,street_music
5838,engine_idling
5839,gun_shot
5843,siren
5845,children_playing
5846,engine_idling
5849,dog_bark
5853,jackhammer
5855,jackhammer
5860,siren
5861,gun_shot
5866,air_conditioner
5868,street_music
5872,gun_shot
5873,dog_bark
5875,children_playing
5878,street_music
5880,siren
5883,street_music
5884,children_playing
5885,street_music
5894,street_music
5895,engine_idling
5896,children_playing
5898,siren
5899,siren
5905,street_music
5910,siren
5911,street_music
5913,jackhammer
5916,jackhammer
5919,siren
5920,drilling
5923,drilling
5924,gun_shot
5929,jackhammer
5930,street_music
5931,jackhammer
5935,children_playing
5938,engine_idling
5939,siren
5945,children_playing
5946,children_playing
5955,engine_idling
5956,street_music
5958,street_music
5959,jackhammer
5961,street_music
5965,siren
5967,street_music
5969,engine_idling
5970,air_conditioner
5971,drilling
5972,children_playing
5973,children_playing
5974,drilling
5975,drilling
5978,dog_bark
5979,children_playing
5981,children_playing
5986,siren
5987,jackhammer
5991,siren
5993,siren
5998,siren
6000,jackhammer
6006,drilling
6008,car_horn
6011,children_playing
6018,drilling
6024,car_horn
6028,children_playing
6032,street_music
6036,drilling
6037,children_playing
6038,dog_bark
6039,children_playing
6042,children_playing
6043,drilling
6044,street_music
6045,engine_idling
6048,drilling
6052,air_conditioner
6057,jackhammer
6058,siren
6060,car_horn
6062,dog_bark
6064,engine_idling
6065,jackhammer
6067,dog_bark
6069,drilling
6071,air_conditioner
6073,engine_idling
6075,siren
6076,street_music
6078,siren
6084,jackhammer
6090,dog_bark
6093,dog_bark
6097,dog_bark
6102,siren
6105,drilling
6106,siren
6110,drilling
6111,car_horn
6112,street_music
6113,street_music
6114,siren
6122,dog_bark
6124,engine_idling
6125,jackhammer
6126,engine_idling
6127,air_conditioner
6128,children_playing
6135,children_playing
6143,children_playing
6146,jackhammer
6147,gun_shot
6148,siren
6150,dog_bark
6155,car_horn
6157,air_conditioner
6164,dog_bark
6166,siren
6167,dog_bark
6168,jackhammer
6176,jackhammer
6178,children_playing
6182,drilling
6184,jackhammer
6185,drilling
6186,street_music
6190,siren
6192,dog_bark
6195,drilling
6199,siren
6200,street_music
6201,drilling
6202,street_music
6203,children_playing
6207,engine_idling
6208,children_playing
6209,siren
6216,siren
6218,jackhammer
6221,children_playing
6223,siren
6225,children_playing
6226,drilling
6228,children_playing
6231,siren
6233,children_playing
6236,engine_idling
6237,street_music
6238,drilling
6240,street_music
6242,drilling
6246,dog_bark
6250,gun_shot
6251,drilling
6252,dog_bark
6253,street_music
6254,dog_bark
6257,dog_bark
6261,children_playing
6264,children_playing
6267,dog_bark
6269,air_conditioner
6273,drilling
6275,street_music
6276,drilling
6277,street_music
6280,air_conditioner
6281,jackhammer
6285,drilling
6289,drilling
6299,engine_idling
6301,air_conditioner
6302,car_horn
6303,gun_shot
6306,jackhammer
6307,siren
6312,jackhammer
6313,children_playing
6315,drilling
6316,dog_bark
6320,siren
6325,children_playing
6330,air_conditioner
6334,car_horn
6342,siren
6344,street_music
6349,jackhammer
6350,engine_idling
6352,dog_bark
6353,children_playing
6356,engine_idling
6360,dog_bark
6361,engine_idling
6362,children_playing
6363,street_music
6365,car_horn
6368,jackhammer
6369,dog_bark
6373,children_playing
6383,street_music
6384,street_music
6385,drilling
6386,air_conditioner
6388,drilling
6390,drilling
6391,drilling
6396,gun_shot
6397,drilling
6398,children_playing
6399,car_horn
6400,siren
6401,street_music
6405,air_conditioner
6406,street_music
6407,gun_shot
6410,dog_bark
6415,street_music
6419,children_playing
6421,engine_idling
6425,siren
6428,children_playing
6429,street_music
6430,siren
6433,siren
6438,engine_idling
6439,air_conditioner
6444,engine_idling
6447,drilling
6458,children_playing
6465,siren
6470,siren
6471,street_music
6472,dog_bark
6476,dog_bark
6479,siren
6481,engine_idling
6482,children_playing
6485,jackhammer
6488,drilling
6489,air_conditioner
6491,engine_idling
6492,children_playing
6494,drilling
6495,children_playing
6499,car_horn
6501,street_music
6503,dog_bark
6504,children_playing
6513,jackhammer
6514,siren
6519,drilling
6525,engine_idling
6526,jackhammer
6532,drilling
6533,street_music
6538,car_horn
6539,dog_bark
6540,drilling
6541,dog_bark
6545,children_playing
6554,street_music
6561,air_conditioner
6564,jackhammer
6567,jackhammer
6569,car_horn
6571,dog_bark
6576,dog_bark
6577,air_conditioner
6578,street_music
6581,jackhammer
6582,engine_idling
6584,drilling
6585,children_playing
6586,engine_idling
6587,jackhammer
6588,drilling
6590,children_playing
6591,children_playing
6593,children_playing
6594,car_horn
6597,jackhammer
6598,drilling
6601,street_music
6605,dog_bark
6611,jackhammer
6612,dog_bark
6613,car_horn
6615,air_conditioner
6617,car_horn
6622,siren
6624,gun_shot
6625,street_music
6627,jackhammer
6632,children_playing
6636,engine_idling
6639,jackhammer
6645,children_playing
6646,dog_bark
6650,dog_bark
6657,car_horn
6658,children_playing
6663,children_playing
6666,air_conditioner
6669,jackhammer
6670,air_conditioner
6672,engine_idling
6673,engine_idling
6675,car_horn
6678,children_playing
6680,gun_shot
6682,dog_bark
6684,drilling
6685,children_playing
6686,siren
6687,children_playing
6688,jackhammer
6690,children_playing
6695,engine_idling
6697,children_playing
6699,children_playing
6700,children_playing
6701,drilling
6702,children_playing
6704,dog_bark
6705,children_playing
6706,air_conditioner
6707,engine_idling
6709,gun_shot
6711,dog_bark
6713,air_conditioner
6718,siren
6720,siren
6727,drilling
6733,street_music
6743,children_playing
6744,siren
6745,drilling
6751,air_conditioner
6756,street_music
6758,street_music
6761,jackhammer
6762,dog_bark
6766,jackhammer
6776,drilling
6780,jackhammer
6784,siren
6785,air_conditioner
6787,street_music
6788,drilling
6789,siren
6794,engine_idling
6795,drilling
6796,children_playing
6798,siren
6799,jackhammer
6801,children_playing
6803,engine_idling
6805,children_playing
6806,car_horn
6807,drilling
6808,jackhammer
6809,jackhammer
6814,siren
6825,car_horn
6827,dog_bark
6828,dog_bark
6833,children_playing
6834,dog_bark
6838,children_playing
6842,jackhammer
6843,children_playing
6845,children_playing
6848,car_horn
6849,children_playing
6854,drilling
6858,dog_bark
6859,air_conditioner
6861,children_playing
6862,siren
6863,dog_bark
6867,siren
6868,children_playing
6870,gun_shot
6873,drilling
6874,drilling
6876,gun_shot
6884,children_playing
6885,children_playing
6887,dog_bark
6890,air_conditioner
6894,engine_idling
6897,dog_bark
6899,siren
6904,engine_idling
6905,children_playing
6913,jackhammer
6916,gun_shot
6917,children_playing
6919,dog_bark
6921,drilling
6924,siren
6927,air_conditioner
6930,siren
6936,children_playing
6940,drilling
6941,drilling
6944,engine_idling
6950,dog_bark
6951,drilling
6952,siren
6953,air_conditioner
6957,dog_bark
6959,drilling
6960,drilling
6962,siren
6964,car_horn
6968,gun_shot
6972,air_conditioner
6978,jackhammer
6980,children_playing
6983,siren
6987,drilling
6988,drilling
6989,children_playing
6994,car_horn
6995,siren
6996,engine_idling
6997,dog_bark
7011,dog_bark
7021,drilling
7023,drilling
7024,dog_bark
7033,air_conditioner
7034,drilling
7037,siren
7038,jackhammer
7043,street_music
7044,dog_bark
7045,engine_idling
7047,siren
7050,air_conditioner
7056,air_conditioner
7058,street_music
7071,siren
7080,street_music
7089,children_playing
7090,children_playing
7092,children_playing
7093,street_music
7097,engine_idling
7098,engine_idling
7099,siren
7101,dog_bark
7102,engine_idling
7103,children_playing
7104,siren
7106,siren
7117,gun_shot
7119,dog_bark
7120,children_playing
7122,air_conditioner
7123,children_playing
7125,children_playing
7127,siren
7128,gun_shot
7130,street_music
7132,jackhammer
7134,drilling
7135,car_horn
7139,siren
7146,drilling
7147,children_playing
7152,street_music
7158,children_playing
7160,car_horn
7164,jackhammer
7165,engine_idling
7166,engine_idling
7167,drilling
7168,siren
7173,siren
7181,drilling
7182,car_horn
7183,engine_idling
7184,children_playing
7186,dog_bark
7188,street_music
7189,drilling
7192,air_conditioner
7193,jackhammer
7199,jackhammer
7208,air_conditioner
7209,dog_bark
7210,children_playing
7214,engine_idling
7219,drilling
7220,drilling
7225,children_playing
7229,children_playing
7230,street_music
7234,children_playing
7236,siren
7237,siren
7238,children_playing
7239,dog_bark
7243,gun_shot
7246,jackhammer
7248,engine_idling
7254,children_playing
7255,dog_bark
7261,children_playing
7266,children_playing
7267,engine_idling
7268,children_playing
7270,air_conditioner
7271,gun_shot
7273,air_conditioner
7276,siren
7281,jackhammer
7282,siren
7283,drilling
7286,drilling
7288,children_playing
7289,engine_idling
7290,engine_idling
7291,jackhammer
7293,street_music
7295,air_conditioner
7296,drilling
7299,street_music
7300,engine_idling
7301,street_music
7303,children_playing
7304,jackhammer
7306,children_playing
7308,drilling
7310,drilling
7312,children_playing
7314,children_playing
7317,drilling
7318,car_horn
7324,drilling
7325,children_playing
7327,children_playing
7334,street_music
7335,engine_idling
7339,drilling
7341,jackhammer
7342,siren
7348,dog_bark
7350,dog_bark
7351,car_horn
7353,engine_idling
7355,gun_shot
7356,children_playing
7357,air_conditioner
7363,engine_idling
7365,siren
7368,drilling
7371,street_music
7373,drilling
7390,dog_bark
7391,gun_shot
7393,air_conditioner
7394,children_playing
7395,air_conditioner
7396,siren
7397,street_music
7402,street_music
7406,street_music
7407,street_music
7411,dog_bark
7413,children_playing
7415,children_playing
7416,drilling
7420,children_playing
7421,street_music
7422,children_playing
7427,dog_bark
7428,dog_bark
7433,children_playing
7434,street_music
7435,children_playing
7438,siren
7440,jackhammer
7441,drilling
7442,car_horn
7444,drilling
7445,dog_bark
7453,street_music
7454,jackhammer
7461,dog_bark
7464,engine_idling
7466,drilling
7470,drilling
7473,dog_bark
7474,children_playing
7477,street_music
7480,drilling
7481,drilling
7484,children_playing
7485,children_playing
7486,siren
7487,street_music
7489,street_music
7491,drilling
7492,engine_idling
7496,dog_bark
7498,street_music
7502,siren
7511,children_playing
7512,street_music
7514,siren
7515,air_conditioner
7517,drilling
7526,children_playing
7527,air_conditioner
7533,children_playing
7534,engine_idling
7535,dog_bark
7536,street_music
7537,siren
7540,jackhammer
7544,children_playing
7545,street_music
7546,children_playing
7549,dog_bark
7551,drilling
7554,children_playing
7555,siren
7557,children_playing
7559,jackhammer
7562,siren
7564,children_playing
7571,drilling
7572,children_playing
7575,jackhammer
7583,street_music
7587,engine_idling
7588,car_horn
7590,children_playing
7591,dog_bark
7594,dog_bark
7603,drilling
7605,engine_idling
7606,children_playing
7608,car_horn
7615,drilling
7616,car_horn
7621,car_horn
7624,children_playing
7627,siren
7628,street_music
7630,engine_idling
7632,children_playing
7635,siren
7637,children_playing
7640,engine_idling
7643,children_playing
7647,drilling
7649,drilling
7652,street_music
7654,siren
7658,engine_idling
7659,dog_bark
7660,street_music
7661,engine_idling
7662,drilling
7663,dog_bark
7666,dog_bark
7667,children_playing
7668,dog_bark
7670,siren
7676,children_playing
7678,children_playing
7684,dog_bark
7691,engine_idling
7692,car_horn
7693,dog_bark
7695,siren
7698,jackhammer
7701,dog_bark
7703,jackhammer
7704,gun_shot
7708,children_playing
7709,street_music
7714,engine_idling
7716,dog_bark
7717,drilling
7719,children_playing
7722,children_playing
7728,street_music
7731,car_horn
7732,dog_bark
7737,street_music
7741,jackhammer
7746,jackhammer
7749,drilling
7752,siren
7753,children_playing
7755,drilling
7757,children_playing
7758,drilling
7760,siren
7763,drilling
7764,car_horn
7767,drilling
7771,air_conditioner
7772,car_horn
7773,siren
7774,air_conditioner
7778,siren
7781,drilling
7782,air_conditioner
7786,air_conditioner
7789,children_playing
7790,jackhammer
7793,engine_idling
7794,street_music
7797,street_music
7798,drilling
7799,dog_bark
7801,drilling
7803,children_playing
7805,children_playing
7808,car_horn
7809,children_playing
7811,children_playing
7812,dog_bark
7815,jackhammer
7816,siren
7820,street_music
7823,children_playing
7832,street_music
7834,siren
7840,dog_bark
7841,street_music
7847,children_playing
7848,siren
7849,drilling
7851,street_music
7852,jackhammer
7857,children_playing
7859,children_playing
7863,siren
7864,siren
7866,car_horn
7877,street_music
7878,engine_idling
7884,gun_shot
7885,air_conditioner
7886,dog_bark
7887,jackhammer
7888,engine_idling
7889,street_music
7894,street_music
7895,engine_idling
7902,air_conditioner
7903,drilling
7905,children_playing
7906,dog_bark
7907,engine_idling
7912,children_playing
7913,children_playing
7915,children_playing
7921,drilling
7923,jackhammer
7924,engine_idling
7925,siren
7926,children_playing
7934,air_conditioner
7937,jackhammer
7940,dog_bark
7945,street_music
7947,air_conditioner
7948,street_music
7950,car_horn
7953,dog_bark
7957,drilling
7958,street_music
7960,siren
7962,street_music
7967,children_playing
7968,children_playing
7971,drilling
7972,street_music
7973,dog_bark
7974,engine_idling
7983,children_playing
7984,air_conditioner
7986,children_playing
7987,children_playing
7991,street_music
8001,jackhammer
8003,jackhammer
8005,jackhammer
8006,children_playing
8007,engine_idling
8010,dog_bark
8011,children_playing
8015,dog_bark
8017,jackhammer
8018,engine_idling
8019,street_music
8023,engine_idling
8026,siren
8030,siren
8031,drilling
8038,children_playing
8039,jackhammer
8040,street_music
8041,street_music
8044,siren
8045,drilling
8051,drilling
8054,street_music
8056,dog_bark
8059,street_music
8063,drilling
8065,jackhammer
8066,engine_idling
8070,car_horn
8082,street_music
8083,gun_shot
8087,engine_idling
8089,engine_idling
8091,street_music
8094,street_music
8096,street_music
8098,drilling
8102,street_music
8107,dog_bark
8109,drilling
8112,engine_idling
8113,children_playing
8115,jackhammer
8116,jackhammer
8117,siren
8120,children_playing
8121,children_playing
8123,air_conditioner
8124,jackhammer
8126,air_conditioner
8129,car_horn
8132,jackhammer
8134,engine_idling
8136,children_playing
8138,gun_shot
8139,jackhammer
8141,children_playing
8147,children_playing
8149,air_conditioner
8153,dog_bark
8157,children_playing
8158,car_horn
8159,air_conditioner
8160,engine_idling
8162,children_playing
8163,siren
8164,children_playing
8165,jackhammer
8169,engine_idling
8170,engine_idling
8175,children_playing
8178,air_conditioner
8179,children_playing
8186,children_playing
8196,siren
8197,dog_bark
8198,engine_idling
8203,children_playing
8204,jackhammer
8206,drilling
8207,street_music
8209,jackhammer
8212,engine_idling
8214,children_playing
8218,gun_shot
8222,street_music
8223,car_horn
8224,children_playing
8225,air_conditioner
8226,drilling
8230,jackhammer
8235,children_playing
8237,jackhammer
8240,children_playing
8242,drilling
8245,jackhammer
8248,drilling
8250,street_music
8254,children_playing
8255,dog_bark
8256,drilling
8267,drilling
8269,street_music
8273,street_music
8275,drilling
8276,children_playing
8278,engine_idling
8281,children_playing
8284,jackhammer
8286,siren
8288,children_playing
8290,drilling
8291,drilling
8292,street_music
8295,engine_idling
8298,street_music
8301,air_conditioner
8303,drilling
8304,siren
8309,air_conditioner
8312,jackhammer
8316,children_playing
8319,dog_bark
8320,dog_bark
8321,street_music
8326,children_playing
8328,children_playing
8329,dog_bark
8331,children_playing
8336,gun_shot
8339,siren
8340,jackhammer
8341,dog_bark
8342,children_playing
8343,street_music
8348,dog_bark
8349,dog_bark
8350,dog_bark
8355,children_playing
8358,street_music
8359,children_playing
8362,drilling
8363,dog_bark
8367,engine_idling
8371,street_music
8372,children_playing
8373,siren
8374,car_horn
8375,engine_idling
8376,air_conditioner
8379,children_playing
8383,dog_bark
8385,air_conditioner
8388,dog_bark
8389,dog_bark
8390,dog_bark
8394,dog_bark
8398,engine_idling
8400,street_music
8402,jackhammer
8404,air_conditioner
8405,air_conditioner
8408,jackhammer
8413,siren
8414,children_playing
8415,dog_bark
8418,drilling
8423,jackhammer
8426,dog_bark
8433,children_playing
8436,air_conditioner
8439,children_playing
8451,gun_shot
8452,dog_bark
8454,air_conditioner
8455,children_playing
8456,drilling
8461,engine_idling
8463,dog_bark
8468,street_music
8478,air_conditioner
8480,engine_idling
8481,children_playing
8487,street_music
8488,street_music
8489,children_playing
8490,air_conditioner
8494,dog_bark
8495,street_music
8497,jackhammer
8504,dog_bark
8505,jackhammer
8506,street_music
8509,siren
8516,siren
8517,siren
8521,siren
8525,car_horn
8528,dog_bark
8529,dog_bark
8530,drilling
8532,street_music
8533,air_conditioner
8537,drilling
8541,drilling
8545,engine_idling
8548,siren
8549,street_music
8550,air_conditioner
8551,air_conditioner
8554,children_playing
8555,air_conditioner
8556,jackhammer
8557,children_playing
8559,drilling
8561,street_music
8563,dog_bark
8566,street_music
8567,street_music
8572,siren
8573,air_conditioner
8574,engine_idling
8576,children_playing
8577,street_music
8583,engine_idling
8585,street_music
8591,drilling
8592,drilling
8593,street_music
8600,engine_idling
8601,dog_bark
8602,siren
8606,street_music
8608,siren
8619,dog_bark
8622,siren
8623,children_playing
8629,jackhammer
8631,dog_bark
8633,jackhammer
8634,street_music
8638,siren
8642,drilling
8645,street_music
8647,jackhammer
8648,car_horn
8652,siren
8655,drilling
8661,jackhammer
8662,dog_bark
8668,children_playing
8669,siren
8671,jackhammer
8672,street_music
8674,dog_bark
8680,air_conditioner
8683,air_conditioner
8686,street_music
8687,street_music
8688,engine_idling
8689,children_playing
8692,children_playing
8696,children_playing
8697,siren
8698,street_music
8700,children_playing
8702,drilling
8708,drilling
8718,children_playing
8719,jackhammer
8730,engine_idling
8731,siren
